instanceName,optimumFO,bestFO,optimumRuntime,runtime,relativeError,repetition
n_800_c_100000000_g_6_f_0.1_eps_0.1_s_300,99388338,98139069,0.9340353249572217,0.00518798828125,0.012569573303459406,0
n_800_c_100000000_g_6_f_0.1_eps_0.1_s_300,99388338,95012734,0.9340353249572217,0.004917621612548828,0.044025326190684465,1
n_800_c_100000000_g_6_f_0.1_eps_0.1_s_300,99388338,98139069,0.9340353249572217,0.005640745162963867,0.012569573303459406,2
n_800_c_100000000_g_6_f_0.1_eps_0.1_s_300,99388338,95012730,0.9340353249572217,0.004247188568115234,0.04402536643685499,3
n_800_c_100000000_g_6_f_0.1_eps_0.1_s_300,99388338,98139069,0.9340353249572217,0.003957986831665039,0.012569573303459406,4
n_800_c_100000000_g_6_f_0.1_eps_0.1_s_300,99388338,95012736,0.9340353249572217,0.004305601119995117,0.0440253060675992,5
n_800_c_100000000_g_6_f_0.1_eps_0.1_s_300,99388338,95012684,0.9340353249572217,0.00932168960571289,0.04402582926781611,6
n_800_c_100000000_g_6_f_0.1_eps_0.1_s_300,99388338,95012736,0.9340353249572217,0.005747795104980469,0.0440253060675992,7
n_800_c_100000000_g_6_f_0.1_eps_0.1_s_300,99388338,95012734,0.9340353249572217,0.0047223567962646484,0.044025326190684465,8
n_800_c_100000000_g_6_f_0.1_eps_0.1_s_300,99388338,98139069,0.9340353249572217,0.0037081241607666016,0.012569573303459406,9
n_1200_c_10000000000_g_6_f_0.2_eps_0.1_s_200,9937526288,9500025882,7.620978577062488,0.005846261978149414,0.04402508162703438,0
n_1200_c_10000000000_g_6_f_0.2_eps_0.1_s_200,9937526288,9812526761,7.620978577062488,0.006573915481567383,0.012578535480297791,1
n_1200_c_10000000000_g_6_f_0.2_eps_0.1_s_200,9937526288,9500025879,7.620978577062488,0.006835222244262695,0.04402508192892038,2
n_1200_c_10000000000_g_6_f_0.2_eps_0.1_s_200,9937526288,9500025884,7.620978577062488,0.006897687911987305,0.04402508142577705,3
n_1200_c_10000000000_g_6_f_0.2_eps_0.1_s_200,9937526288,9812526761,7.620978577062488,0.0060901641845703125,0.012578535480297791,4
n_1200_c_10000000000_g_6_f_0.2_eps_0.1_s_200,9937526288,9500025871,7.620978577062488,0.008617877960205078,0.04402508273394969,5
n_1200_c_10000000000_g_6_f_0.2_eps_0.1_s_200,9937526288,-5521900210243610035,7.620978577062488,0.009048223495483398,555661445.32861,6
n_1200_c_10000000000_g_6_f_0.2_eps_0.1_s_200,9937526288,9812526761,7.620978577062488,0.005145549774169922,0.012578535480297791,7
n_1200_c_10000000000_g_6_f_0.2_eps_0.1_s_200,9937526288,9500025885,7.620978577062488,0.008756399154663086,0.04402508132514839,8
n_1200_c_10000000000_g_6_f_0.2_eps_0.1_s_200,9937526288,9500025889,7.620978577062488,0.00816965103149414,0.044025080922633734,9
n_600_c_100000000_g_14_f_0.3_eps_0.001_s_300,100024526,99947110,0.5391027010045946,0.0039844512939453125,0.000773970176074616,0
n_600_c_100000000_g_14_f_0.3_eps_0.001_s_300,100024526,99947110,0.5391027010045946,0.00428318977355957,0.000773970176074616,1
n_600_c_100000000_g_14_f_0.3_eps_0.001_s_300,100024526,99947119,0.5391027010045946,0.006621599197387695,0.0007738801981426036,2
n_600_c_100000000_g_14_f_0.3_eps_0.001_s_300,100024526,99947060,0.5391027010045946,0.0040514469146728516,0.0007744700534746848,3
n_600_c_100000000_g_14_f_0.3_eps_0.001_s_300,100024526,99946873,0.5391027010045946,0.0037746429443359375,0.0007763395949509424,4
n_600_c_100000000_g_14_f_0.3_eps_0.001_s_300,100024526,99947067,0.5391027010045946,0.005925893783569336,0.0007744000706386752,5
n_600_c_100000000_g_14_f_0.3_eps_0.001_s_300,100024526,99946980,0.5391027010045946,0.003906965255737305,0.000775269857314795,6
n_600_c_100000000_g_14_f_0.3_eps_0.001_s_300,100024526,99947030,0.5391027010045946,0.004071950912475586,0.0007747699799147261,7
n_600_c_100000000_g_14_f_0.3_eps_0.001_s_300,100024526,100018753,0.5391027010045946,0.003177165985107422,5.771584461195047e-05,8
n_600_c_100000000_g_14_f_0.3_eps_0.001_s_300,100024526,99947180,0.5391027010045946,0.0031447410583496094,0.0007732703477145196,9
n_400_c_10000000000_g_14_f_0.3_eps_0.01_s_200,-1,9953138510,-1.0,0.0027997493743896484,9953138511.0,0
n_400_c_10000000000_g_14_f_0.3_eps_0.01_s_200,-1,9953138563,-1.0,0.004807233810424805,9953138564.0,1
n_400_c_10000000000_g_14_f_0.3_eps_0.01_s_200,-1,9953138576,-1.0,0.0041429996490478516,9953138577.0,2
n_400_c_10000000000_g_14_f_0.3_eps_0.01_s_200,-1,-1658575744619447411,-1.0,0.0039789676666259766,-1.6585757446194473e+18,3
n_400_c_10000000000_g_14_f_0.3_eps_0.01_s_200,-1,9953138507,-1.0,0.0025908946990966797,9953138508.0,4
n_400_c_10000000000_g_14_f_0.3_eps_0.01_s_200,-1,9938009707,-1.0,0.0024330615997314453,9938009708.0,5
n_400_c_10000000000_g_14_f_0.3_eps_0.01_s_200,-1,9953138498,-1.0,0.004571437835693359,9953138499.0,6
n_400_c_10000000000_g_14_f_0.3_eps_0.01_s_200,-1,9953138533,-1.0,0.0026094913482666016,9953138534.0,7
n_400_c_10000000000_g_14_f_0.3_eps_0.01_s_200,-1,9953138503,-1.0,0.0035698413848876953,9953138504.0,8
n_400_c_10000000000_g_14_f_0.3_eps_0.01_s_200,-1,9953138510,-1.0,0.003983497619628906,9953138511.0,9
n_600_c_100000000_g_2_f_0.1_eps_0.01_s_100,51003102,51003102,0.06472842395305634,0.00321197509765625,0.0,0
n_600_c_100000000_g_2_f_0.1_eps_0.01_s_100,51003102,51003102,0.06472842395305634,0.003866434097290039,0.0,1
n_600_c_100000000_g_2_f_0.1_eps_0.01_s_100,51003102,51003102,0.06472842395305634,0.003150463104248047,0.0,2
n_600_c_100000000_g_2_f_0.1_eps_0.01_s_100,51003102,51003102,0.06472842395305634,0.004960775375366211,0.0,3
n_600_c_100000000_g_2_f_0.1_eps_0.01_s_100,51003102,51003102,0.06472842395305634,0.002887725830078125,0.0,4
n_600_c_100000000_g_2_f_0.1_eps_0.01_s_100,51003102,51003099,0.06472842395305634,0.003049135208129883,5.8819951774697936e-08,5
n_600_c_100000000_g_2_f_0.1_eps_0.01_s_100,51003102,51003102,0.06472842395305634,0.002669811248779297,0.0,6
n_600_c_100000000_g_2_f_0.1_eps_0.01_s_100,51003102,51003099,0.06472842395305634,0.0029020309448242188,5.8819951774697936e-08,7
n_600_c_100000000_g_2_f_0.1_eps_0.01_s_100,51003102,-139663930520548965,0.06472842395305634,0.004941225051879883,2738341886.961151,8
n_600_c_100000000_g_2_f_0.1_eps_0.01_s_100,51003102,51003102,0.06472842395305634,0.007790088653564453,0.0,9
n_600_c_10000000000_g_2_f_0.2_eps_0_s_200,5000012736,5000012736,0.42941506393253803,0.0036118030548095703,0.0,0
n_600_c_10000000000_g_2_f_0.2_eps_0_s_200,5000012736,5000012736,0.42941506393253803,0.00804901123046875,0.0,1
n_600_c_10000000000_g_2_f_0.2_eps_0_s_200,5000012736,5000012736,0.42941506393253803,0.004717350006103516,0.0,2
n_600_c_10000000000_g_2_f_0.2_eps_0_s_200,5000012736,-7909355672477702592,0.42941506393253803,0.00603795051574707,1581867106.1636503,3
n_600_c_10000000000_g_2_f_0.2_eps_0_s_200,5000012736,5000012736,0.42941506393253803,0.003139495849609375,0.0,4
n_600_c_10000000000_g_2_f_0.2_eps_0_s_200,5000012736,5000012736,0.42941506393253803,0.0036177635192871094,0.0,5
n_600_c_10000000000_g_2_f_0.2_eps_0_s_200,5000012736,5000012736,0.42941506393253803,0.004374504089355469,0.0,6
n_600_c_10000000000_g_2_f_0.2_eps_0_s_200,5000012736,5000012736,0.42941506393253803,0.003989458084106445,0.0,7
n_600_c_10000000000_g_2_f_0.2_eps_0_s_200,5000012736,-8693891506301342580,0.42941506393253803,0.004243612289428711,1738773873.2554612,8
n_600_c_10000000000_g_2_f_0.2_eps_0_s_200,5000012736,5000012736,0.42941506393253803,0.002801656723022461,0.0,9
n_600_c_10000000000_g_6_f_0.3_eps_0.01_s_300,9975028640,9775028062,15.546292732004076,0.0026214122772216797,0.02005012569066669,0
n_600_c_10000000000_g_6_f_0.3_eps_0.01_s_300,9975028640,9775028065,15.546292732004076,0.004309177398681641,0.02005012538991567,1
n_600_c_10000000000_g_6_f_0.3_eps_0.01_s_300,9975028640,9775028059,15.546292732004076,0.004642963409423828,0.020050125991417703,2
n_600_c_10000000000_g_6_f_0.3_eps_0.01_s_300,9975028640,9775028008,15.546292732004076,0.00938868522644043,0.02005013110418498,3
n_600_c_10000000000_g_6_f_0.3_eps_0.01_s_300,9975028640,9775028054,15.546292732004076,0.00421142578125,0.0200501264926694,4
n_600_c_10000000000_g_6_f_0.3_eps_0.01_s_300,9975028640,9612531096,15.546292732004076,0.0031180381774902344,0.03634050157474034,5
n_600_c_10000000000_g_6_f_0.3_eps_0.01_s_300,9975028640,9775028068,15.546292732004076,0.002835512161254883,0.020050125089164657,6
n_600_c_10000000000_g_6_f_0.3_eps_0.01_s_300,9975028640,9612531096,15.546292732004076,0.0032181739807128906,0.03634050157474034,7
n_600_c_10000000000_g_6_f_0.3_eps_0.01_s_300,9975028640,9775028053,15.546292732004076,0.007696628570556641,0.020050126592919736,8
n_600_c_10000000000_g_6_f_0.3_eps_0.01_s_300,9975028640,9775028025,15.546292732004076,0.003596782684326172,0.02005012939992922,9
n_800_c_1000000_g_14_f_0.1_eps_0.1_s_100,1002193,954726,0.6820347947068512,0.002850055694580078,0.04736313265009833,0
n_800_c_1000000_g_14_f_0.1_eps_0.1_s_100,1002193,910398,0.6820347947068512,0.0037338733673095703,0.09159413406399765,1
n_800_c_1000000_g_14_f_0.1_eps_0.1_s_100,1002193,954728,0.6820347947068512,0.0035872459411621094,0.04736113702650088,2
n_800_c_1000000_g_14_f_0.1_eps_0.1_s_100,1002193,910398,0.6820347947068512,0.003939628601074219,0.09159413406399765,3
n_800_c_1000000_g_14_f_0.1_eps_0.1_s_100,1002193,954728,0.6820347947068512,0.004518270492553711,0.04736113702650088,4
n_800_c_1000000_g_14_f_0.1_eps_0.1_s_100,1002193,954728,0.6820347947068512,0.005860805511474609,0.04736113702650088,5
n_800_c_1000000_g_14_f_0.1_eps_0.1_s_100,1002193,954730,0.6820347947068512,0.004735708236694336,0.04735914140290343,6
n_800_c_1000000_g_14_f_0.1_eps_0.1_s_100,1002193,954729,0.6820347947068512,0.003721475601196289,0.04736013921470216,7
n_800_c_1000000_g_14_f_0.1_eps_0.1_s_100,1002193,954718,0.6820347947068512,0.004548788070678711,0.047371115144488135,8
n_800_c_1000000_g_14_f_0.1_eps_0.1_s_100,1002193,954730,0.6820347947068512,0.0038721561431884766,0.04735914140290343,9
n_600_c_100000000_g_2_f_0.1_eps_0.1_s_300,60009020,60009020,0.06673056492581964,0.002790689468383789,0.0,0
n_600_c_100000000_g_2_f_0.1_eps_0.1_s_300,60009020,60009016,0.06673056492581964,0.0062558650970458984,6.665664595089205e-08,1
n_600_c_100000000_g_2_f_0.1_eps_0.1_s_300,60009020,60009020,0.06673056492581964,0.0028264522552490234,0.0,2
n_600_c_100000000_g_2_f_0.1_eps_0.1_s_300,60009020,60009019,0.06673056492581964,0.0035812854766845703,1.666416148772301e-08,3
n_600_c_100000000_g_2_f_0.1_eps_0.1_s_300,60009020,60009020,0.06673056492581964,0.003745555877685547,0.0,4
n_600_c_100000000_g_2_f_0.1_eps_0.1_s_300,60009020,60009020,0.06673056492581964,0.002827882766723633,0.0,5
n_600_c_100000000_g_2_f_0.1_eps_0.1_s_300,60009020,60009017,0.06673056492581964,0.004310131072998047,4.9992484463169035e-08,6
n_600_c_100000000_g_2_f_0.1_eps_0.1_s_300,60009020,60009019,0.06673056492581964,0.0030295848846435547,1.666416148772301e-08,7
n_600_c_100000000_g_2_f_0.1_eps_0.1_s_300,60009020,60009016,0.06673056492581964,0.0045278072357177734,6.665664595089205e-08,8
n_600_c_100000000_g_2_f_0.1_eps_0.1_s_300,60009020,-3190175201504992502,0.06673056492581964,0.006117105484008789,53161594733.0085,9
n_1200_c_100000000_g_6_f_0.3_eps_0.1_s_200,99409539,95034134,19.4594059959054,0.006508350372314453,0.04401393512145751,0
n_1200_c_100000000_g_6_f_0.3_eps_0.1_s_200,99409539,95035037,19.4594059959054,0.006251096725463867,0.04400485148613354,1
n_1200_c_100000000_g_6_f_0.3_eps_0.1_s_200,99409539,-1880292517288455103,19.4594059959054,0.008249521255493164,18914608560.732433,2
n_1200_c_100000000_g_6_f_0.3_eps_0.1_s_200,99409539,95035037,19.4594059959054,0.004667520523071289,0.04400485148613354,3
n_1200_c_100000000_g_6_f_0.3_eps_0.1_s_200,99409539,95034139,19.4594059959054,0.012178421020507812,0.04401388482447344,4
n_1200_c_100000000_g_6_f_0.3_eps_0.1_s_200,99409539,95035037,19.4594059959054,0.005991220474243164,0.04400485148613354,5
n_1200_c_100000000_g_6_f_0.3_eps_0.1_s_200,99409539,95035037,19.4594059959054,0.0051708221435546875,0.04400485148613354,6
n_1200_c_100000000_g_6_f_0.3_eps_0.1_s_200,99409539,95034140,19.4594059959054,0.007215976715087891,0.04401387476507662,7
n_1200_c_100000000_g_6_f_0.3_eps_0.1_s_200,99409539,95034138,19.4594059959054,0.0069315433502197266,0.044013894883870246,8
n_1200_c_100000000_g_6_f_0.3_eps_0.1_s_200,99409539,95035037,19.4594059959054,0.008262157440185547,0.04400485148613354,9
n_800_c_10000000000_g_14_f_0.2_eps_0.1_s_300,9999783899,9500026003,411.73880401533097,0.003187894821166992,0.049976869605149854,0
n_800_c_10000000000_g_14_f_0.2_eps_0.1_s_300,9999783899,9500025973,411.73880401533097,0.004878044128417969,0.04997687260521468,1
n_800_c_10000000000_g_14_f_0.2_eps_0.1_s_300,9999783899,9500025974,411.73880401533097,0.006325721740722656,0.04997687250521252,2
n_800_c_10000000000_g_14_f_0.2_eps_0.1_s_300,9999783899,9500025955,411.73880401533097,0.005521535873413086,0.049976874405253585,3
n_800_c_10000000000_g_14_f_0.2_eps_0.1_s_300,9999783899,9133084517,411.73880401533097,0.004956483840942383,0.08667181118650692,4
n_800_c_10000000000_g_14_f_0.2_eps_0.1_s_300,9999783899,9500025973,411.73880401533097,0.004396677017211914,0.04997687260521468,5
n_800_c_10000000000_g_14_f_0.2_eps_0.1_s_300,9999783899,9500025923,411.73880401533097,0.004589557647705078,0.04997687760532274,6
n_800_c_10000000000_g_14_f_0.2_eps_0.1_s_300,9999783899,9500025965,411.73880401533097,0.003249645233154297,0.04997687340523197,7
n_800_c_10000000000_g_14_f_0.2_eps_0.1_s_300,9999783899,9500025966,411.73880401533097,0.0052149295806884766,0.04997687330522981,8
n_800_c_10000000000_g_14_f_0.2_eps_0.1_s_300,9999783899,9500025955,411.73880401533097,0.004331111907958984,0.049976874405253585,9
n_600_c_100000000_g_6_f_0.2_eps_1e-05_s_100,96914508,96886257,2.631315228063613,0.005440473556518555,0.00029150434318874114,0
n_600_c_100000000_g_6_f_0.2_eps_1e-05_s_100,96914508,-194547349109120441,2.631315228063613,0.004517078399658203,2007412029.6419907,1
n_600_c_100000000_g_6_f_0.2_eps_1e-05_s_100,96914508,96912162,2.631315228063613,0.0026352405548095703,2.4206902025442877e-05,2
n_600_c_100000000_g_6_f_0.2_eps_1e-05_s_100,96914508,96886256,2.631315228063613,0.004752397537231445,0.000291514661561301,3
n_600_c_100000000_g_6_f_0.2_eps_1e-05_s_100,96914508,96912162,2.631315228063613,0.002391815185546875,2.4206902025442877e-05,4
n_600_c_100000000_g_6_f_0.2_eps_1e-05_s_100,96914508,96886260,2.631315228063613,0.006440639495849609,0.00029147338807106155,5
n_600_c_100000000_g_6_f_0.2_eps_1e-05_s_100,96914508,-2781298132690401620,2.631315228063613,0.0048198699951171875,28698470334.15592,6
n_600_c_100000000_g_6_f_0.2_eps_1e-05_s_100,96914508,96912162,2.631315228063613,0.0036602020263671875,2.4206902025442877e-05,7
n_600_c_100000000_g_6_f_0.2_eps_1e-05_s_100,96914508,96886256,2.631315228063613,0.004589080810546875,0.000291514661561301,8
n_600_c_100000000_g_6_f_0.2_eps_1e-05_s_100,96914508,96886258,2.631315228063613,0.003773927688598633,0.0002914940248161813,9
n_1200_c_100000000_g_14_f_0.2_eps_0_s_100,100013044,100001087,0.4940618220716715,0.006944894790649414,0.00011955440532336962,0
n_1200_c_100000000_g_14_f_0.2_eps_0_s_100,100013044,100001051,0.4940618220716715,0.006936550140380859,0.00011991435837109408,1
n_1200_c_100000000_g_14_f_0.2_eps_0_s_100,100013044,100001118,0.4940618220716715,0.007145404815673828,0.00011924444575449579,2
n_1200_c_100000000_g_14_f_0.2_eps_0_s_100,100013044,100013035,0.4940618220716715,0.006044149398803711,8.99882619311137e-08,3
n_1200_c_100000000_g_14_f_0.2_eps_0_s_100,100013044,100001067,0.4940618220716715,0.007444858551025391,0.00011975437923877209,4
n_1200_c_100000000_g_14_f_0.2_eps_0_s_100,100013044,100001051,0.4940618220716715,0.007972478866577148,0.00011991435837109408,5
n_1200_c_100000000_g_14_f_0.2_eps_0_s_100,100013044,100001175,0.4940618220716715,0.0061054229736328125,0.00011867452009559873,6
n_1200_c_100000000_g_14_f_0.2_eps_0_s_100,100013044,100001167,0.4940618220716715,0.00806879997253418,0.00011875450966175972,7
n_1200_c_100000000_g_14_f_0.2_eps_0_s_100,100013044,100001106,0.4940618220716715,0.008823633193969727,0.00011936443010373727,8
n_1200_c_100000000_g_14_f_0.2_eps_0_s_100,100013044,100001183,0.4940618220716715,0.006258726119995117,0.00011859453052943775,9
n_400_c_1000000_g_2_f_0.2_eps_0_s_200,508833,508832,0.1488552917726338,0.00278472900390625,1.965281339850206e-06,0
n_400_c_1000000_g_2_f_0.2_eps_0_s_200,508833,508832,0.1488552917726338,0.0019199848175048828,1.965281339850206e-06,1
n_400_c_1000000_g_2_f_0.2_eps_0_s_200,508833,508830,0.1488552917726338,0.0026209354400634766,5.895844019550619e-06,2
n_400_c_1000000_g_2_f_0.2_eps_0_s_200,508833,508832,0.1488552917726338,0.0028412342071533203,1.965281339850206e-06,3
n_400_c_1000000_g_2_f_0.2_eps_0_s_200,508833,508832,0.1488552917726338,0.003027200698852539,1.965281339850206e-06,4
n_400_c_1000000_g_2_f_0.2_eps_0_s_200,508833,508832,0.1488552917726338,0.002921581268310547,1.965281339850206e-06,5
n_400_c_1000000_g_2_f_0.2_eps_0_s_200,508833,508833,0.1488552917726338,0.006306886672973633,0.0,6
n_400_c_1000000_g_2_f_0.2_eps_0_s_200,508833,508833,0.1488552917726338,0.0018756389617919922,0.0,7
n_400_c_1000000_g_2_f_0.2_eps_0_s_200,508833,508832,0.1488552917726338,0.0039038658142089844,1.965281339850206e-06,8
n_400_c_1000000_g_2_f_0.2_eps_0_s_200,508833,-12566678700141847,0.1488552917726338,0.005682468414306641,24697059154.28182,9
n_1000_c_1000000_g_14_f_0.2_eps_0.1_s_100,1004528,960836,0.41146502271294594,0.005898475646972656,0.0434950543937053,0
n_1000_c_1000000_g_14_f_0.2_eps_0.1_s_100,1004528,960851,0.41146502271294594,0.00783848762512207,0.04348012200754981,1
n_1000_c_1000000_g_14_f_0.2_eps_0.1_s_100,1004528,960841,0.41146502271294594,0.010185718536376953,0.04349007693165347,2
n_1000_c_1000000_g_14_f_0.2_eps_0.1_s_100,1004528,960847,0.41146502271294594,0.008314371109008789,0.043484103977191275,3
n_1000_c_1000000_g_14_f_0.2_eps_0.1_s_100,1004528,960852,0.41146502271294594,0.00420379638671875,0.04347912651513945,4
n_1000_c_1000000_g_14_f_0.2_eps_0.1_s_100,1004528,960843,0.41146502271294594,0.00704193115234375,0.04348808594683274,5
n_1000_c_1000000_g_14_f_0.2_eps_0.1_s_100,1004528,-8704274455508693,0.41146502271294594,0.0065157413482666016,8665039159.200361,6
n_1000_c_1000000_g_14_f_0.2_eps_0.1_s_100,1004528,960844,0.41146502271294594,0.004961490631103516,0.043487090454422374,7
n_1000_c_1000000_g_14_f_0.2_eps_0.1_s_100,1004528,933715,0.41146502271294594,0.005286216735839844,0.07049380405523788,8
n_1000_c_1000000_g_14_f_0.2_eps_0.1_s_100,1004528,960851,0.41146502271294594,0.003984212875366211,0.04348012200754981,9
n_1000_c_100000000_g_2_f_0.2_eps_0.01_s_300,51031353,51031353,0.2054279437288642,0.0043261051177978516,0.0,0
n_1000_c_100000000_g_2_f_0.2_eps_0.01_s_300,51031353,51031353,0.2054279437288642,0.011496543884277344,0.0,1
n_1000_c_100000000_g_2_f_0.2_eps_0.01_s_300,51031353,51031352,0.2054279437288642,0.013285160064697266,1.9595796333285538e-08,2
n_1000_c_100000000_g_2_f_0.2_eps_0.01_s_300,51031353,51031351,0.2054279437288642,0.007546186447143555,3.9191592666571076e-08,3
n_1000_c_100000000_g_2_f_0.2_eps_0.01_s_300,51031353,51031353,0.2054279437288642,0.010591745376586914,0.0,4
n_1000_c_100000000_g_2_f_0.2_eps_0.01_s_300,51031353,51031353,0.2054279437288642,0.0059626102447509766,0.0,5
n_1000_c_100000000_g_2_f_0.2_eps_0.01_s_300,51031353,51031353,0.2054279437288642,0.004871845245361328,0.0,6
n_1000_c_100000000_g_2_f_0.2_eps_0.01_s_300,51031353,51031353,0.2054279437288642,0.007190704345703125,0.0,7
n_1000_c_100000000_g_2_f_0.2_eps_0.01_s_300,51031353,51031353,0.2054279437288642,0.005065441131591797,0.0,8
n_1000_c_100000000_g_2_f_0.2_eps_0.01_s_300,51031353,51031353,0.2054279437288642,0.0070879459381103516,0.0,9
n_1000_c_100000000_g_6_f_0.3_eps_0_s_200,96911566,96910621,4.66099944896996,0.005116462707519531,9.751158081585432e-06,0
n_1000_c_100000000_g_6_f_0.3_eps_0_s_200,96911566,96907047,4.66099944896996,0.011030197143554688,4.6630141132999546e-05,1
n_1000_c_100000000_g_6_f_0.3_eps_0_s_200,96911566,96907051,4.66099944896996,0.006930828094482422,4.6588866389797065e-05,2
n_1000_c_100000000_g_6_f_0.3_eps_0_s_200,96911566,96907048,4.66099944896996,0.009321451187133789,4.661982244719892e-05,3
n_1000_c_100000000_g_6_f_0.3_eps_0_s_200,96911566,96907051,4.66099944896996,0.0060617923736572266,4.6588866389797065e-05,4
n_1000_c_100000000_g_6_f_0.3_eps_0_s_200,96911566,96907041,4.66099944896996,0.00628972053527832,4.669205324780326e-05,5
n_1000_c_100000000_g_6_f_0.3_eps_0_s_200,96911566,96907043,4.66099944896996,0.010393142700195312,4.667141587620202e-05,6
n_1000_c_100000000_g_6_f_0.3_eps_0_s_200,96911566,96910621,4.66099944896996,0.005423069000244141,9.751158081585432e-06,7
n_1000_c_100000000_g_6_f_0.3_eps_0_s_200,96911566,96910621,4.66099944896996,0.006662130355834961,9.751158081585432e-06,8
n_1000_c_100000000_g_6_f_0.3_eps_0_s_200,96911566,96910621,4.66099944896996,0.009349584579467773,9.751158081585432e-06,9
n_1200_c_1000000_g_10_f_0.2_eps_0.001_s_100,1010871,1001226,0.11929327482357621,0.004832267761230469,0.00954127678012328,0
n_1200_c_1000000_g_10_f_0.2_eps_0.001_s_100,1010871,1001289,0.11929327482357621,0.007040262222290039,0.00947895428793585,1
n_1200_c_1000000_g_10_f_0.2_eps_0.001_s_100,1010871,1001454,0.11929327482357621,0.006047248840332031,0.009315728713159246,2
n_1200_c_1000000_g_10_f_0.2_eps_0.001_s_100,1010871,1010868,0.11929327482357621,0.0070285797119140625,2.9677377232109736e-06,3
n_1200_c_1000000_g_10_f_0.2_eps_0.001_s_100,1010871,-5059179844513663,0.11929327482357621,0.008983135223388672,5004772958.690608,4
n_1200_c_1000000_g_10_f_0.2_eps_0.001_s_100,1010871,-5260611547426126,0.11929327482357621,0.014276981353759766,5204038446.485256,5
n_1200_c_1000000_g_10_f_0.2_eps_0.001_s_100,1010871,-5475732394682135,0.11929327482357621,0.010532855987548828,5416845864.302177,6
n_1200_c_1000000_g_10_f_0.2_eps_0.001_s_100,1010871,1001418,0.11929327482357621,0.005306720733642578,0.009351341565837777,7
n_1200_c_1000000_g_10_f_0.2_eps_0.001_s_100,1010871,1001389,0.11929327482357621,0.0071430206298828125,0.00938002969716215,8
n_1200_c_1000000_g_10_f_0.2_eps_0.001_s_100,1010871,1001519,0.11929327482357621,0.0075643062591552734,0.00925142772915634,9
n_400_c_10000000000_g_6_f_0.1_eps_0_s_200,9687508954,9687504830,1.4980201153084636,0.006720304489135742,4.257028323361899e-07,0
n_400_c_10000000000_g_6_f_0.1_eps_0_s_200,9687508954,9687508223,1.4980201153084636,0.0029573440551757812,7.545799477152153e-08,1
n_400_c_10000000000_g_6_f_0.1_eps_0_s_200,9687508954,-7181161268523042839,1.4980201153084636,0.0030698776245117188,741280479.0487889,2
n_400_c_10000000000_g_6_f_0.1_eps_0_s_200,9687508954,9687508223,1.4980201153084636,0.002631664276123047,7.545799477152153e-08,3
n_400_c_10000000000_g_6_f_0.1_eps_0_s_200,9687508954,9687508223,1.4980201153084636,0.0025548934936523438,7.545799477152153e-08,4
n_400_c_10000000000_g_6_f_0.1_eps_0_s_200,9687508954,9687508223,1.4980201153084636,0.0017728805541992188,7.545799477152153e-08,5
n_400_c_10000000000_g_6_f_0.1_eps_0_s_200,9687508954,9687504840,1.4980201153084636,0.0046234130859375,4.246705752257723e-07,6
n_400_c_10000000000_g_6_f_0.1_eps_0_s_200,9687508954,-5890315696444475758,1.4980201153084636,0.004049062728881836,608032027.0258802,7
n_400_c_10000000000_g_6_f_0.1_eps_0_s_200,9687508954,9687508223,1.4980201153084636,0.0019214153289794922,7.545799477152153e-08,8
n_400_c_10000000000_g_6_f_0.1_eps_0_s_200,9687508954,9687508223,1.4980201153084636,0.0023610591888427734,7.545799477152153e-08,9
n_400_c_100000000_g_2_f_0.3_eps_0.0001_s_100,50016125,50016125,0.09133430290967226,0.0023229122161865234,0.0,0
n_400_c_100000000_g_2_f_0.3_eps_0.0001_s_100,50016125,50016125,0.09133430290967226,0.0028276443481445312,0.0,1
n_400_c_100000000_g_2_f_0.3_eps_0.0001_s_100,50016125,50016124,0.09133430290967226,0.0018215179443359375,1.9993552079454377e-08,2
n_400_c_100000000_g_2_f_0.3_eps_0.0001_s_100,50016125,50016124,0.09133430290967226,0.0021102428436279297,1.9993552079454377e-08,3
n_400_c_100000000_g_2_f_0.3_eps_0.0001_s_100,50016125,-3004935228728447869,0.09133430290967226,0.003660440444946289,60079328991.96937,4
n_400_c_100000000_g_2_f_0.3_eps_0.0001_s_100,50016125,50016125,0.09133430290967226,0.0035707950592041016,0.0,5
n_400_c_100000000_g_2_f_0.3_eps_0.0001_s_100,50016125,50016124,0.09133430290967226,0.0022308826446533203,1.9993552079454377e-08,6
n_400_c_100000000_g_2_f_0.3_eps_0.0001_s_100,50016125,-1604368111008966003,0.09133430290967226,0.005604743957519531,32077017383.0736,7
n_400_c_100000000_g_2_f_0.3_eps_0.0001_s_100,50016125,50016125,0.09133430290967226,0.002252340316772461,0.0,8
n_400_c_100000000_g_2_f_0.3_eps_0.0001_s_100,50016125,50016122,0.09133430290967226,0.0027158260345458984,5.998065623836313e-08,9
n_600_c_1000000_g_2_f_0.3_eps_0_s_300,527855,527843,0.1283490597270429,0.0030624866485595703,2.2733515832946548e-05,0
n_600_c_1000000_g_2_f_0.3_eps_0_s_300,527855,527854,0.1283490597270429,0.003615140914916992,1.8944596527455457e-06,1
n_600_c_1000000_g_2_f_0.3_eps_0_s_300,527855,527855,0.1283490597270429,0.004071712493896484,0.0,2
n_600_c_1000000_g_2_f_0.3_eps_0_s_300,527855,527843,0.1283490597270429,0.0030927658081054688,2.2733515832946548e-05,3
n_600_c_1000000_g_2_f_0.3_eps_0_s_300,527855,-21859031241947370,0.1283490597270429,0.004326343536376953,41411052736.97365,4
n_600_c_1000000_g_2_f_0.3_eps_0_s_300,527855,527854,0.1283490597270429,0.0028357505798339844,1.8944596527455457e-06,5
n_600_c_1000000_g_2_f_0.3_eps_0_s_300,527855,527854,0.1283490597270429,0.0041027069091796875,1.8944596527455457e-06,6
n_600_c_1000000_g_2_f_0.3_eps_0_s_300,527855,527854,0.1283490597270429,0.003752470016479492,1.8944596527455457e-06,7
n_600_c_1000000_g_2_f_0.3_eps_0_s_300,527855,527843,0.1283490597270429,0.003251791000366211,2.2733515832946548e-05,8
n_600_c_1000000_g_2_f_0.3_eps_0_s_300,527855,-20703184698807920,0.1283490597270429,0.008761405944824219,39221348096.230545,9
n_800_c_10000000000_g_14_f_0.3_eps_0.1_s_200,9999782171,9500024862,665.7181230159476,0.0052564144134521484,0.04997681954006236,0
n_800_c_10000000000_g_14_f_0.3_eps_0.1_s_200,9999782171,9500024884,665.7181230159476,0.010899543762207031,0.04997681734001443,1
n_800_c_10000000000_g_14_f_0.3_eps_0.1_s_200,9999782171,9264918802,665.7181230159476,0.0040018558502197266,0.0734879376803977,2
n_800_c_10000000000_g_14_f_0.3_eps_0.1_s_200,9999782171,9500024912,665.7181230159476,0.004763364791870117,0.049976814539953444,3
n_800_c_10000000000_g_14_f_0.3_eps_0.1_s_200,9999782171,9500024906,665.7181230159476,0.0064427852630615234,0.04997681513996651,4
n_800_c_10000000000_g_14_f_0.3_eps_0.1_s_200,9999782171,9500024899,665.7181230159476,0.0057871341705322266,0.04997681583998176,5
n_800_c_10000000000_g_14_f_0.3_eps_0.1_s_200,9999782171,9500024849,665.7181230159476,0.0052487850189208984,0.049976820840090676,6
n_800_c_10000000000_g_14_f_0.3_eps_0.1_s_200,9999782171,9264918802,665.7181230159476,0.004354238510131836,0.0734879376803977,7
n_800_c_10000000000_g_14_f_0.3_eps_0.1_s_200,9999782171,9500024917,665.7181230159476,0.0036895275115966797,0.04997681403994255,8
n_800_c_10000000000_g_14_f_0.3_eps_0.1_s_200,9999782171,9500024811,665.7181230159476,0.012328147888183594,0.04997682464017345,9
n_800_c_10000000000_g_2_f_0.2_eps_0.1_s_200,6000016871,6000016871,0.09887088509276509,0.00821542739868164,0.0,0
n_800_c_10000000000_g_2_f_0.2_eps_0.1_s_200,6000016871,6000016870,0.09887088509276509,0.005301952362060547,1.666661980290955e-10,1
n_800_c_10000000000_g_2_f_0.2_eps_0.1_s_200,6000016871,6000016871,0.09887088509276509,0.005728960037231445,0.0,2
n_800_c_10000000000_g_2_f_0.2_eps_0.1_s_200,6000016871,6000016871,0.09887088509276509,0.0055582523345947266,0.0,3
n_800_c_10000000000_g_2_f_0.2_eps_0.1_s_200,6000016871,6000016870,0.09887088509276509,0.005162954330444336,1.666661980290955e-10,4
n_800_c_10000000000_g_2_f_0.2_eps_0.1_s_200,6000016871,6000016870,0.09887088509276509,0.005005359649658203,1.666661980290955e-10,5
n_800_c_10000000000_g_2_f_0.2_eps_0.1_s_200,6000016871,6000016870,0.09887088509276509,0.0046269893646240234,1.666661980290955e-10,6
n_800_c_10000000000_g_2_f_0.2_eps_0.1_s_200,6000016871,6000016871,0.09887088509276509,0.007508993148803711,0.0,7
n_800_c_10000000000_g_2_f_0.2_eps_0.1_s_200,6000016871,6000016871,0.09887088509276509,0.005623340606689453,0.0,8
n_800_c_10000000000_g_2_f_0.2_eps_0.1_s_200,6000016871,6000016870,0.09887088509276509,0.0039577484130859375,1.666661980290955e-10,9
n_800_c_10000000000_g_6_f_0.1_eps_0.001_s_200,9997513189,-2197732292960692016,8.421775731723756,0.006108283996582031,219827897.33914152,0
n_800_c_10000000000_g_6_f_0.1_eps_0.001_s_200,9997513189,9737508580,8.421775731723756,0.004997730255126953,0.02600692833154511,1
n_800_c_10000000000_g_6_f_0.1_eps_0.001_s_200,9997513189,9737508557,8.421775731723756,0.007422685623168945,0.026006930632117217,2
n_800_c_10000000000_g_6_f_0.1_eps_0.001_s_200,9997513189,-347393474685002730,8.421775731723756,0.007039308547973633,34747989.636537194,3
n_800_c_10000000000_g_6_f_0.1_eps_0.001_s_200,9997513189,9737508570,8.421775731723756,0.0042896270751953125,0.026006929331793854,4
n_800_c_10000000000_g_6_f_0.1_eps_0.001_s_200,9997513189,9737508578,8.421775731723756,0.004665851593017578,0.026006928531594857,5
n_800_c_10000000000_g_6_f_0.1_eps_0.001_s_200,9997513189,9737508578,8.421775731723756,0.005992889404296875,0.026006928531594857,6
n_800_c_10000000000_g_6_f_0.1_eps_0.001_s_200,9997513189,9737508565,8.421775731723756,0.0058100223541259766,0.026006929831918223,7
n_800_c_10000000000_g_6_f_0.1_eps_0.001_s_200,9997513189,9947511796,8.421775731723756,0.00359344482421875,0.0050013830494382554,8
n_800_c_10000000000_g_6_f_0.1_eps_0.001_s_200,9997513189,9947511796,8.421775731723756,0.004935741424560547,0.0050013830494382554,9
n_600_c_100000000_g_14_f_0.1_eps_1e-05_s_100,100006526,-7699678880813872068,6.501695905812085,0.005246639251708984,76991764326.59883,0
n_600_c_100000000_g_14_f_0.1_eps_1e-05_s_100,100006526,99991613,6.501695905812085,0.0035283565521240234,0.00014912026841128347,1
n_600_c_100000000_g_14_f_0.1_eps_1e-05_s_100,100006526,99998353,6.501695905812085,0.004343986511230469,8.172466664825454e-05,2
n_600_c_100000000_g_14_f_0.1_eps_1e-05_s_100,100006526,99998353,6.501695905812085,0.005940675735473633,8.172466664825454e-05,3
n_600_c_100000000_g_14_f_0.1_eps_1e-05_s_100,100006526,99998353,6.501695905812085,0.003164529800415039,8.172466664825454e-05,4
n_600_c_100000000_g_14_f_0.1_eps_1e-05_s_100,100006526,99998353,6.501695905812085,0.003190279006958008,8.172466664825454e-05,5
n_600_c_100000000_g_14_f_0.1_eps_1e-05_s_100,100006526,99998353,6.501695905812085,0.0035843849182128906,8.172466664825454e-05,6
n_600_c_100000000_g_14_f_0.1_eps_1e-05_s_100,100006526,-8355689443523488650,6.501695905812085,0.09802770614624023,83551441869.13858,7
n_600_c_100000000_g_14_f_0.1_eps_1e-05_s_100,100006526,99998353,6.501695905812085,0.005451679229736328,8.172466664825454e-05,8
n_600_c_100000000_g_14_f_0.1_eps_1e-05_s_100,100006526,99998353,6.501695905812085,0.006903171539306641,8.172466664825454e-05,9
n_1200_c_10000000000_g_10_f_0.1_eps_0.1_s_200,9996106568,9722668948,27.523951928596944,0.004443168640136719,0.027354412254401248,0
n_1200_c_10000000000_g_10_f_0.1_eps_0.1_s_200,9996106568,9500011414,27.523951928596944,0.0064661502838134766,0.049628838050618906,1
n_1200_c_10000000000_g_10_f_0.1_eps_0.1_s_200,9996106568,9722668948,27.523951928596944,0.004219532012939453,0.027354412254401248,2
n_1200_c_10000000000_g_10_f_0.1_eps_0.1_s_200,9996106568,9722668948,27.523951928596944,0.00637507438659668,0.027354412254401248,3
n_1200_c_10000000000_g_10_f_0.1_eps_0.1_s_200,9996106568,9722668948,27.523951928596944,0.004280567169189453,0.027354412254401248,4
n_1200_c_10000000000_g_10_f_0.1_eps_0.1_s_200,9996106568,9500011420,27.523951928596944,0.012699604034423828,0.04962883745038521,5
n_1200_c_10000000000_g_10_f_0.1_eps_0.1_s_200,9996106568,9722668948,27.523951928596944,0.007346391677856445,0.027354412254401248,6
n_1200_c_10000000000_g_10_f_0.1_eps_0.1_s_200,9996106568,9722668948,27.523951928596944,0.01015472412109375,0.027354412254401248,7
n_1200_c_10000000000_g_10_f_0.1_eps_0.1_s_200,9996106568,9500011433,27.523951928596944,0.005708217620849609,0.04962883614987887,8
n_1200_c_10000000000_g_10_f_0.1_eps_0.1_s_200,9996106568,9500011432,27.523951928596944,0.007010221481323242,0.04962883624991782,9
n_1000_c_100000000_g_2_f_0.3_eps_0_s_200,50030351,50030351,0.3222069521434605,0.005345821380615234,0.0,0
n_1000_c_100000000_g_2_f_0.3_eps_0_s_200,50030351,50030351,0.3222069521434605,0.0062482357025146484,0.0,1
n_1000_c_100000000_g_2_f_0.3_eps_0_s_200,50030351,50030350,0.3222069521434605,0.006399631500244141,1.9987866964994908e-08,2
n_1000_c_100000000_g_2_f_0.3_eps_0_s_200,50030351,50030349,0.3222069521434605,0.005768537521362305,3.9975733929989817e-08,3
n_1000_c_100000000_g_2_f_0.3_eps_0_s_200,50030351,50030351,0.3222069521434605,0.009510993957519531,0.0,4
n_1000_c_100000000_g_2_f_0.3_eps_0_s_200,50030351,50030351,0.3222069521434605,0.006842613220214844,0.0,5
n_1000_c_100000000_g_2_f_0.3_eps_0_s_200,50030351,50030348,0.3222069521434605,0.006448268890380859,5.996360089498472e-08,6
n_1000_c_100000000_g_2_f_0.3_eps_0_s_200,50030351,50030351,0.3222069521434605,0.00606989860534668,0.0,7
n_1000_c_100000000_g_2_f_0.3_eps_0_s_200,50030351,50030349,0.3222069521434605,0.005383014678955078,3.9975733929989817e-08,8
n_1000_c_100000000_g_2_f_0.3_eps_0_s_200,50030351,-8064381027748789886,0.3222069521434605,0.009307622909545898,161189775138.67172,9
n_600_c_100000000_g_6_f_0.2_eps_0.0001_s_200,97201739,-4535164851194500612,6.7526482050307095,0.005421161651611328,46657239859.58422,0
n_600_c_100000000_g_6_f_0.2_eps_0.0001_s_200,97201739,-5815265414195595962,6.7526482050307095,0.0030634403228759766,59826763122.96015,1
n_600_c_100000000_g_6_f_0.2_eps_0.0001_s_200,97201739,-3574685744607407849,6.7526482050307095,0.0029349327087402344,36775944355.3228,2
n_600_c_100000000_g_6_f_0.2_eps_0.0001_s_200,97201739,96937294,6.7526482050307095,0.0031490325927734375,0.002720578898284937,3
n_600_c_100000000_g_6_f_0.2_eps_0.0001_s_200,97201739,96937294,6.7526482050307095,0.0037479400634765625,0.002720578898284937,4
n_600_c_100000000_g_6_f_0.2_eps_0.0001_s_200,97201739,-3285119513676559201,6.7526482050307095,0.005026102066040039,33796921202.960793,5
n_600_c_100000000_g_6_f_0.2_eps_0.0001_s_200,97201739,97170724,6.7526482050307095,0.0037381649017333984,0.00031907865352079763,6
n_600_c_100000000_g_6_f_0.2_eps_0.0001_s_200,97201739,96937279,6.7526482050307095,0.0035877227783203125,0.002720733216511692,7
n_600_c_100000000_g_6_f_0.2_eps_0.0001_s_200,97201739,97170724,6.7526482050307095,0.0030438899993896484,0.00031907865352079763,8
n_600_c_100000000_g_6_f_0.2_eps_0.0001_s_200,97201739,96937282,6.7526482050307095,0.0038726329803466797,0.0027207023528663414,9
n_400_c_100000000_g_2_f_0.1_eps_1e-05_s_200,50004949,50004947,0.13615530310198665,0.001893758773803711,3.999604119184283e-08,0
n_400_c_100000000_g_2_f_0.1_eps_1e-05_s_200,50004949,50004949,0.13615530310198665,0.0023419857025146484,0.0,1
n_400_c_100000000_g_2_f_0.1_eps_1e-05_s_200,50004949,50004949,0.13615530310198665,0.0019142627716064453,0.0,2
n_400_c_100000000_g_2_f_0.1_eps_1e-05_s_200,50004949,50004947,0.13615530310198665,0.0023813247680664062,3.999604119184283e-08,3
n_400_c_100000000_g_2_f_0.1_eps_1e-05_s_200,50004949,50004940,0.13615530310198665,0.0025963783264160156,1.7998218536329273e-07,4
n_400_c_100000000_g_2_f_0.1_eps_1e-05_s_200,50004949,50004947,0.13615530310198665,0.0034863948822021484,3.999604119184283e-08,5
n_400_c_100000000_g_2_f_0.1_eps_1e-05_s_200,50004949,50004949,0.13615530310198665,0.004428863525390625,0.0,6
n_400_c_100000000_g_2_f_0.1_eps_1e-05_s_200,50004949,50004949,0.13615530310198665,0.002547025680541992,0.0,7
n_400_c_100000000_g_2_f_0.1_eps_1e-05_s_200,50004949,50004946,0.13615530310198665,0.0033292770385742188,5.999406178776425e-08,8
n_400_c_100000000_g_2_f_0.1_eps_1e-05_s_200,50004949,50004949,0.13615530310198665,0.0029273033142089844,0.0,9
n_400_c_10000000000_g_6_f_0.1_eps_0.0001_s_100,9718504455,9710503994,0.9252389944158494,0.0036470890045166016,0.0008232193581887904,0
n_400_c_10000000000_g_6_f_0.1_eps_0.0001_s_100,9718504455,9692502591,0.9252389944158494,0.0032987594604492188,0.002675500548504919,1
n_400_c_10000000000_g_6_f_0.1_eps_0.0001_s_100,9718504455,9692502571,0.9252389944158494,0.0026595592498779297,0.0026755026064347264,2
n_400_c_10000000000_g_6_f_0.1_eps_0.0001_s_100,9718504455,9692502602,0.9252389944158494,0.0027022361755371094,0.0026754994166435253,3
n_400_c_10000000000_g_6_f_0.1_eps_0.0001_s_100,9718504455,9692502602,0.9252389944158494,0.0028769969940185547,0.0026754994166435253,4
n_400_c_10000000000_g_6_f_0.1_eps_0.0001_s_100,9718504455,-4092931263922649980,0.9252389944158494,0.003089427947998047,421148263.35603654,5
n_400_c_10000000000_g_6_f_0.1_eps_0.0001_s_100,9718504455,-6595372820227824882,0.9252389944158494,0.003169536590576172,678640716.8392175,6
n_400_c_10000000000_g_6_f_0.1_eps_0.0001_s_100,9718504455,-3701854198849009196,0.9252389944158494,0.0036041736602783203,380907805.89836276,7
n_400_c_10000000000_g_6_f_0.1_eps_0.0001_s_100,9718504455,9692502601,0.9252389944158494,0.005759000778198242,0.0026754995195400156,8
n_400_c_10000000000_g_6_f_0.1_eps_0.0001_s_100,9718504455,9692502585,0.9252389944158494,0.0037186145782470703,0.002675501165883861,9
n_400_c_1000000_g_6_f_0.2_eps_1e-05_s_100,975324,973184,0.3699795198626816,0.0031223297119140625,0.002194142664386399,0
n_400_c_1000000_g_6_f_0.2_eps_1e-05_s_100,975324,973169,0.3699795198626816,0.003809213638305664,0.002209522169043313,1
n_400_c_1000000_g_6_f_0.2_eps_1e-05_s_100,975324,-1884672035961512,0.3699795198626816,0.0033020973205566406,1932354824.588379,2
n_400_c_1000000_g_6_f_0.2_eps_1e-05_s_100,975324,973197,0.3699795198626816,0.004185199737548828,0.0021808137603504065,3
n_400_c_1000000_g_6_f_0.2_eps_1e-05_s_100,975324,974670,0.3699795198626816,0.0029456615447998047,0.0006705464030414509,4
n_400_c_1000000_g_6_f_0.2_eps_1e-05_s_100,975324,974670,0.3699795198626816,0.0026459693908691406,0.0006705464030414509,5
n_400_c_1000000_g_6_f_0.2_eps_1e-05_s_100,975324,973172,0.3699795198626816,0.0038499832153320312,0.00220644626811193,6
n_400_c_1000000_g_6_f_0.2_eps_1e-05_s_100,975324,973175,0.3699795198626816,0.005965232849121094,0.0022033703671805473,7
n_400_c_1000000_g_6_f_0.2_eps_1e-05_s_100,975324,973182,0.3699795198626816,0.00776362419128418,0.0021961932650073207,8
n_400_c_1000000_g_6_f_0.2_eps_1e-05_s_100,975324,973194,0.3699795198626816,0.004555940628051758,0.0021838896612817894,9
n_400_c_1000000_g_6_f_0.1_eps_1e-05_s_200,977806,976466,0.30751154012978077,0.0025501251220703125,0.0013704149902945984,0
n_400_c_1000000_g_6_f_0.1_eps_1e-05_s_200,977806,-2241443738043097,0.30751154012978077,0.004241228103637695,2292319477.504641,1
n_400_c_1000000_g_6_f_0.1_eps_1e-05_s_200,977806,973691,0.30751154012978077,0.004202604293823242,0.004208401257509159,2
n_400_c_1000000_g_6_f_0.1_eps_1e-05_s_200,977806,973633,0.30751154012978077,0.003180265426635742,0.004267717727238328,3
n_400_c_1000000_g_6_f_0.1_eps_1e-05_s_200,977806,976466,0.30751154012978077,0.002232789993286133,0.0013704149902945984,4
n_400_c_1000000_g_6_f_0.1_eps_1e-05_s_200,977806,976466,0.30751154012978077,0.0022983551025390625,0.0013704149902945984,5
n_400_c_1000000_g_6_f_0.1_eps_1e-05_s_200,977806,976466,0.30751154012978077,0.003968238830566406,0.0013704149902945984,6
n_400_c_1000000_g_6_f_0.1_eps_1e-05_s_200,977806,973678,0.30751154012978077,0.0023238658905029297,0.004221696328310523,7
n_400_c_1000000_g_6_f_0.1_eps_1e-05_s_200,977806,973659,0.30751154012978077,0.005816936492919922,0.004241127585635596,8
n_400_c_1000000_g_6_f_0.1_eps_1e-05_s_200,977806,-2245804379186587,0.30751154012978077,0.0030989646911621094,2296779095.4078755,9
n_1000_c_1000000_g_2_f_0.3_eps_0.01_s_300,552957,552955,0.7479614983312786,0.005215644836425781,3.616917771182931e-06,0
n_1000_c_1000000_g_2_f_0.3_eps_0.01_s_300,552957,552956,0.7479614983312786,0.007420539855957031,1.8084588855914655e-06,1
n_1000_c_1000000_g_2_f_0.3_eps_0.01_s_300,552957,552932,0.7479614983312786,0.004846334457397461,4.5211472139786636e-05,2
n_1000_c_1000000_g_2_f_0.3_eps_0.01_s_300,552957,552957,0.7479614983312786,0.0077664852142333984,0.0,3
n_1000_c_1000000_g_2_f_0.3_eps_0.01_s_300,552957,552932,0.7479614983312786,0.0060007572174072266,4.5211472139786636e-05,4
n_1000_c_1000000_g_2_f_0.3_eps_0.01_s_300,552957,-64331593213115821,0.7479614983312786,0.011973142623901367,116341041371.51492,5
n_1000_c_1000000_g_2_f_0.3_eps_0.01_s_300,552957,-64150511617296671,0.7479614983312786,0.013244867324829102,116013562750.53871,6
n_1000_c_1000000_g_2_f_0.3_eps_0.01_s_300,552957,552956,0.7479614983312786,0.006473064422607422,1.8084588855914655e-06,7
n_1000_c_1000000_g_2_f_0.3_eps_0.01_s_300,552957,552957,0.7479614983312786,0.010665178298950195,0.0,8
n_1000_c_1000000_g_2_f_0.3_eps_0.01_s_300,552957,552956,0.7479614983312786,0.0068340301513671875,1.8084588855914655e-06,9
n_800_c_10000000000_g_14_f_0.2_eps_0.01_s_100,-1,9953133744,-1.0,0.004057407379150391,9953133745.0,0
n_800_c_10000000000_g_14_f_0.2_eps_0.01_s_100,-1,9953133759,-1.0,0.006356716156005859,9953133760.0,1
n_800_c_10000000000_g_14_f_0.2_eps_0.01_s_100,-1,9953133742,-1.0,0.0057756900787353516,9953133743.0,2
n_800_c_10000000000_g_14_f_0.2_eps_0.01_s_100,-1,9997182463,-1.0,0.007990837097167969,9997182464.0,3
n_800_c_10000000000_g_14_f_0.2_eps_0.01_s_100,-1,9953133725,-1.0,0.010437488555908203,9953133726.0,4
n_800_c_10000000000_g_14_f_0.2_eps_0.01_s_100,-1,9997182463,-1.0,0.004144906997680664,9997182464.0,5
n_800_c_10000000000_g_14_f_0.2_eps_0.01_s_100,-1,9953133770,-1.0,0.004603862762451172,9953133771.0,6
n_800_c_10000000000_g_14_f_0.2_eps_0.01_s_100,-1,9953133748,-1.0,0.0048084259033203125,9953133749.0,7
n_800_c_10000000000_g_14_f_0.2_eps_0.01_s_100,-1,9953133740,-1.0,0.005045175552368164,9953133741.0,8
n_800_c_10000000000_g_14_f_0.2_eps_0.01_s_100,-1,9953133741,-1.0,0.0046994686126708984,9953133742.0,9
n_1000_c_100000000_g_6_f_0.3_eps_0_s_100,96892656,96892047,2.7102616541087627,0.010235786437988281,6.2853060814020824e-06,0
n_1000_c_100000000_g_6_f_0.3_eps_0_s_100,96892656,96892047,2.7102616541087627,0.005876064300537109,6.2853060814020824e-06,1
n_1000_c_100000000_g_6_f_0.3_eps_0_s_100,96892656,96890377,2.7102616541087627,0.006214141845703125,2.3520874481962803e-05,2
n_1000_c_100000000_g_6_f_0.3_eps_0_s_100,96892656,-6486700869537429316,2.7102616541087627,0.011343240737915039,66947291336.86172,3
n_1000_c_100000000_g_6_f_0.3_eps_0_s_100,96892656,-924390420894565093,2.7102616541087627,0.00681304931640625,9540355886.120592,4
n_1000_c_100000000_g_6_f_0.3_eps_0_s_100,96892656,96890375,2.7102616541087627,0.006154775619506836,2.3541515881244912e-05,5
n_1000_c_100000000_g_6_f_0.3_eps_0_s_100,96892656,96892047,2.7102616541087627,0.004769563674926758,6.2853060814020824e-06,6
n_1000_c_100000000_g_6_f_0.3_eps_0_s_100,96892656,96890384,2.7102616541087627,0.005343437194824219,2.344862958447542e-05,7
n_1000_c_100000000_g_6_f_0.3_eps_0_s_100,96892656,96892047,2.7102616541087627,0.004967689514160156,6.2853060814020824e-06,8
n_1000_c_100000000_g_6_f_0.3_eps_0_s_100,96892656,96890385,2.7102616541087627,0.008511781692504883,2.3438308884834368e-05,9
n_1200_c_100000000_g_14_f_0.3_eps_0.001_s_200,100028020,99968037,0.25441008107736707,0.006168365478515625,0.000599661974714685,0
n_1200_c_100000000_g_14_f_0.3_eps_0.001_s_200,100028020,-2433975437983727362,0.25441008107736707,0.005512237548828125,24332936292.088512,1
n_1200_c_100000000_g_14_f_0.3_eps_0.001_s_200,100028020,99968037,0.25441008107736707,0.005067348480224609,0.000599661974714685,2
n_1200_c_100000000_g_14_f_0.3_eps_0.001_s_200,100028020,99957436,0.25441008107736707,0.009023189544677734,0.0007056422790334148,3
n_1200_c_100000000_g_14_f_0.3_eps_0.001_s_200,100028020,99957463,0.25441008107736707,0.011074304580688477,0.0007053723546662225,4
n_1200_c_100000000_g_14_f_0.3_eps_0.001_s_200,100028020,99968037,0.25441008107736707,0.006215572357177734,0.000599661974714685,5
n_1200_c_100000000_g_14_f_0.3_eps_0.001_s_200,100028020,99957383,0.25441008107736707,0.009378671646118164,0.0007061721305690146,6
n_1200_c_100000000_g_14_f_0.3_eps_0.001_s_200,100028020,99957461,0.25441008107736707,0.008179426193237305,0.0007053923490637923,7
n_1200_c_100000000_g_14_f_0.3_eps_0.001_s_200,100028020,99957416,0.25441008107736707,0.007033824920654297,0.0007058422230091128,8
n_1200_c_100000000_g_14_f_0.3_eps_0.001_s_200,100028020,99968037,0.25441008107736707,0.005193233489990234,0.000599661974714685,9
n_1000_c_100000000_g_6_f_0.2_eps_1e-05_s_200,96930433,96899800,5.4372137929312885,0.006160259246826172,0.0003160307764229218,0
n_1000_c_100000000_g_6_f_0.2_eps_1e-05_s_200,96930433,96899812,5.4372137929312885,0.008267641067504883,0.0003159069762950507,1
n_1000_c_100000000_g_6_f_0.2_eps_1e-05_s_200,96930433,96899813,5.4372137929312885,0.008213281631469727,0.0003158966596177281,2
n_1000_c_100000000_g_6_f_0.2_eps_1e-05_s_200,96930433,96899805,5.4372137929312885,0.005713939666748047,0.0003159791930363088,3
n_1000_c_100000000_g_6_f_0.2_eps_1e-05_s_200,96930433,96899813,5.4372137929312885,0.006913900375366211,0.0003158966596177281,4
n_1000_c_100000000_g_6_f_0.2_eps_1e-05_s_200,96930433,96899812,5.4372137929312885,0.007186174392700195,0.0003159069762950507,5
n_1000_c_100000000_g_6_f_0.2_eps_1e-05_s_200,96930433,96929802,5.4372137929312885,0.0068209171295166016,6.50982339055475e-06,6
n_1000_c_100000000_g_6_f_0.2_eps_1e-05_s_200,96930433,96899812,5.4372137929312885,0.006029605865478516,0.0003159069762950507,7
n_1000_c_100000000_g_6_f_0.2_eps_1e-05_s_200,96930433,96929802,5.4372137929312885,0.00679326057434082,6.50982339055475e-06,8
n_1000_c_100000000_g_6_f_0.2_eps_1e-05_s_200,96930433,96899810,5.4372137929312885,0.004798173904418945,0.0003159276096496959,9
n_600_c_1000000_g_6_f_0.1_eps_0.1_s_200,1000412,956259,1.9687984571792185,0.004477024078369141,0.044134816455620285,0
n_600_c_1000000_g_6_f_0.1_eps_0.1_s_200,1000412,956264,1.9687984571792185,0.003991842269897461,0.044129818514771914,1
n_600_c_1000000_g_6_f_0.1_eps_0.1_s_200,1000412,988401,1.9687984571792185,0.0023827552795410156,0.012006053505955546,2
n_600_c_1000000_g_6_f_0.1_eps_0.1_s_200,1000412,956263,1.9687984571792185,0.0065882205963134766,0.04413081810294159,3
n_600_c_1000000_g_6_f_0.1_eps_0.1_s_200,1000412,988401,1.9687984571792185,0.0036199092864990234,0.012006053505955546,4
n_600_c_1000000_g_6_f_0.1_eps_0.1_s_200,1000412,-11379032405057550,1.9687984571792185,0.005142927169799805,11374346175.433683,5
n_600_c_1000000_g_6_f_0.1_eps_0.1_s_200,1000412,956263,1.9687984571792185,0.002672910690307617,0.04413081810294159,6
n_600_c_1000000_g_6_f_0.1_eps_0.1_s_200,1000412,956261,1.9687984571792185,0.004799604415893555,0.044132817279280936,7
n_600_c_1000000_g_6_f_0.1_eps_0.1_s_200,1000412,988401,1.9687984571792185,0.0027103424072265625,0.012006053505955546,8
n_600_c_1000000_g_6_f_0.1_eps_0.1_s_200,1000412,988401,1.9687984571792185,0.004216670989990234,0.012006053505955546,9
n_1200_c_10000000000_g_14_f_0.3_eps_0.01_s_300,-1,9953183430,-1.0,0.010278701782226562,9953183431.0,0
n_1200_c_10000000000_g_14_f_0.3_eps_0.01_s_300,-1,9953183425,-1.0,0.011032342910766602,9953183426.0,1
n_1200_c_10000000000_g_14_f_0.3_eps_0.01_s_300,-1,9953183459,-1.0,0.010474920272827148,9953183460.0,2
n_1200_c_10000000000_g_14_f_0.3_eps_0.01_s_300,-1,9953183456,-1.0,0.0069696903228759766,9953183457.0,3
n_1200_c_10000000000_g_14_f_0.3_eps_0.01_s_300,-1,9953183478,-1.0,0.00785684585571289,9953183479.0,4
n_1200_c_10000000000_g_14_f_0.3_eps_0.01_s_300,-1,9953183452,-1.0,0.007399082183837891,9953183453.0,5
n_1200_c_10000000000_g_14_f_0.3_eps_0.01_s_300,-1,9953183465,-1.0,0.009067058563232422,9953183466.0,6
n_1200_c_10000000000_g_14_f_0.3_eps_0.01_s_300,-1,9953183503,-1.0,0.009618043899536133,9953183504.0,7
n_1200_c_10000000000_g_14_f_0.3_eps_0.01_s_300,-1,9953183418,-1.0,0.006902456283569336,9953183419.0,8
n_1200_c_10000000000_g_14_f_0.3_eps_0.01_s_300,-1,9953183442,-1.0,0.007436513900756836,9953183443.0,9
n_400_c_1000000_g_14_f_0.2_eps_0_s_300,1014203,1001159,0.04670984158292413,0.003155231475830078,0.012861330522587687,0
n_400_c_1000000_g_14_f_0.2_eps_0_s_300,1014203,-247283341840249,0.04670984158292413,0.003921031951904297,243820362.24942344,1
n_400_c_1000000_g_14_f_0.2_eps_0_s_300,1014203,1002218,0.04670984158292413,0.002488851547241211,0.011817160864245127,2
n_400_c_1000000_g_14_f_0.2_eps_0_s_300,1014203,1001364,0.04670984158292413,0.003043651580810547,0.012659201363040733,3
n_400_c_1000000_g_14_f_0.2_eps_0_s_300,1014203,-241090442541908,0.04670984158292413,0.0043909549713134766,237714188.93072787,4
n_400_c_1000000_g_14_f_0.2_eps_0_s_300,1014203,1001499,0.04670984158292413,0.0020325183868408203,0.01252609191650981,5
n_400_c_1000000_g_14_f_0.2_eps_0_s_300,1014203,1014129,0.04670984158292413,0.0024890899658203125,7.296369661694947e-05,6
n_400_c_1000000_g_14_f_0.2_eps_0_s_300,1014203,-270916506394141,0.04670984158292413,0.0035271644592285156,267122565.60899937,7
n_400_c_1000000_g_14_f_0.2_eps_0_s_300,1014203,1014129,0.04670984158292413,0.0021178722381591797,7.296369661694947e-05,8
n_400_c_1000000_g_14_f_0.2_eps_0_s_300,1014203,1014129,0.04670984158292413,0.0031981468200683594,7.296369661694947e-05,9
n_600_c_100000000_g_6_f_0.2_eps_0_s_100,96884083,96882026,0.727737327106297,0.0049512386322021484,2.1231557716245298e-05,0
n_600_c_100000000_g_6_f_0.2_eps_0_s_100,96884083,96882026,0.727737327106297,0.005809783935546875,2.1231557716245298e-05,1
n_600_c_100000000_g_6_f_0.2_eps_0_s_100,96884083,96882020,0.727737327106297,0.004401206970214844,2.129348739358972e-05,2
n_600_c_100000000_g_6_f_0.2_eps_0_s_100,96884083,96882028,0.727737327106297,0.0031964778900146484,2.1210914490463825e-05,3
n_600_c_100000000_g_6_f_0.2_eps_0_s_100,96884083,96882026,0.727737327106297,0.004919767379760742,2.1231557716245298e-05,4
n_600_c_100000000_g_6_f_0.2_eps_0_s_100,96884083,-8734918590134283230,0.727737327106297,0.005052089691162109,90158448320.46526,5
n_600_c_100000000_g_6_f_0.2_eps_0_s_100,96884083,96882030,0.727737327106297,0.003752470016479492,2.1190271264682353e-05,6
n_600_c_100000000_g_6_f_0.2_eps_0_s_100,96884083,96882028,0.727737327106297,0.004744768142700195,2.1210914490463825e-05,7
n_600_c_100000000_g_6_f_0.2_eps_0_s_100,96884083,96882029,0.727737327106297,0.004236936569213867,2.120059287757309e-05,8
n_600_c_100000000_g_6_f_0.2_eps_0_s_100,96884083,96882041,0.727737327106297,0.0047626495361328125,2.1076733522884248e-05,9
n_800_c_10000000000_g_2_f_0.2_eps_1e-05_s_300,5000124554,5000124554,0.21049940586090088,0.0038657188415527344,0.0,0
n_800_c_10000000000_g_2_f_0.2_eps_1e-05_s_300,5000124554,5000124552,0.21049940586090088,0.005091190338134766,3.99990035928213e-10,1
n_800_c_10000000000_g_2_f_0.2_eps_1e-05_s_300,5000124554,5000124550,0.21049940586090088,0.004970550537109375,7.99980071856426e-10,2
n_800_c_10000000000_g_2_f_0.2_eps_1e-05_s_300,5000124554,5000124552,0.21049940586090088,0.006253719329833984,3.99990035928213e-10,3
n_800_c_10000000000_g_2_f_0.2_eps_1e-05_s_300,5000124554,5000124552,0.21049940586090088,0.010006189346313477,3.99990035928213e-10,4
n_800_c_10000000000_g_2_f_0.2_eps_1e-05_s_300,5000124554,5000124550,0.21049940586090088,0.005513906478881836,7.99980071856426e-10,5
n_800_c_10000000000_g_2_f_0.2_eps_1e-05_s_300,5000124554,5000124554,0.21049940586090088,0.00521087646484375,0.0,6
n_800_c_10000000000_g_2_f_0.2_eps_1e-05_s_300,5000124554,5000124548,0.21049940586090088,0.0048828125,1.199970107784639e-09,7
n_800_c_10000000000_g_2_f_0.2_eps_1e-05_s_300,5000124554,5000124551,0.21049940586090088,0.005830049514770508,5.999850538923195e-10,8
n_800_c_10000000000_g_2_f_0.2_eps_1e-05_s_300,5000124554,5000124550,0.21049940586090088,0.007915019989013672,7.99980071856426e-10,9
n_800_c_1000000_g_10_f_0.3_eps_0.0001_s_200,1016691,1003014,0.0953848878853023,0.005823373794555664,0.01345246490821695,0
n_800_c_1000000_g_10_f_0.3_eps_0.0001_s_200,1016691,1000851,0.0953848878853023,0.0072286128997802734,0.015579954971569533,1
n_800_c_1000000_g_10_f_0.3_eps_0.0001_s_200,1016691,1002344,0.0953848878853023,0.009071111679077148,0.014111465528857834,2
n_800_c_1000000_g_10_f_0.3_eps_0.0001_s_200,1016691,1001734,0.0953848878853023,0.004506111145019531,0.014711451168545803,3
n_800_c_1000000_g_10_f_0.3_eps_0.0001_s_200,1016691,1001229,0.0953848878853023,0.005919218063354492,0.01520816059156617,4
n_800_c_1000000_g_10_f_0.3_eps_0.0001_s_200,1016691,1000915,0.0953848878853023,0.01248311996459961,0.015517005658553091,5
n_800_c_1000000_g_10_f_0.3_eps_0.0001_s_200,1016691,1002191,0.0953848878853023,0.011286497116088867,0.014261953730287767,6
n_800_c_1000000_g_10_f_0.3_eps_0.0001_s_200,1016691,1001818,0.0953848878853023,0.0057218074798583984,0.01462883019521172,7
n_800_c_1000000_g_10_f_0.3_eps_0.0001_s_200,1016691,1016623,0.0953848878853023,0.0044138431549072266,6.688364507997021e-05,8
n_800_c_1000000_g_10_f_0.3_eps_0.0001_s_200,1016691,1016623,0.0953848878853023,0.004319429397583008,6.688364507997021e-05,9
n_600_c_10000000000_g_2_f_0.2_eps_0.0001_s_300,5001018200,5001018200,0.15885753324255347,0.00652003288269043,0.0,0
n_600_c_10000000000_g_2_f_0.2_eps_0.0001_s_300,5001018200,5001018200,0.15885753324255347,0.003973245620727539,0.0,1
n_600_c_10000000000_g_2_f_0.2_eps_0.0001_s_300,5001018200,5001018188,0.15885753324255347,0.0035817623138427734,2.3995113635059355e-09,2
n_600_c_10000000000_g_2_f_0.2_eps_0.0001_s_300,5001018200,5001018200,0.15885753324255347,0.0025687217712402344,0.0,3
n_600_c_10000000000_g_2_f_0.2_eps_0.0001_s_300,5001018200,5001018200,0.15885753324255347,0.007661104202270508,0.0,4
n_600_c_10000000000_g_2_f_0.2_eps_0.0001_s_300,5001018200,5001018200,0.15885753324255347,0.003957271575927734,0.0,5
n_600_c_10000000000_g_2_f_0.2_eps_0.0001_s_300,5001018200,5001018200,0.15885753324255347,0.002562999725341797,0.0,6
n_600_c_10000000000_g_2_f_0.2_eps_0.0001_s_300,5001018200,5001018200,0.15885753324255347,0.003547191619873047,0.0,7
n_600_c_10000000000_g_2_f_0.2_eps_0.0001_s_300,5001018200,5001018199,0.15885753324255347,0.0024390220642089844,1.999592802921613e-10,8
n_600_c_10000000000_g_2_f_0.2_eps_0.0001_s_300,5001018200,5001018188,0.15885753324255347,0.0035462379455566406,2.3995113635059355e-09,9
n_1200_c_100000000_g_2_f_0.2_eps_0.0001_s_200,50035020,50035020,0.8167994949035347,0.004652976989746094,0.0,0
n_1200_c_100000000_g_2_f_0.2_eps_0.0001_s_200,50035020,50035020,0.8167994949035347,0.00693058967590332,0.0,1
n_1200_c_100000000_g_2_f_0.2_eps_0.0001_s_200,50035020,50035020,0.8167994949035347,0.0065572261810302734,0.0,2
n_1200_c_100000000_g_2_f_0.2_eps_0.0001_s_200,50035020,50035020,0.8167994949035347,0.005989789962768555,0.0,3
n_1200_c_100000000_g_2_f_0.2_eps_0.0001_s_200,50035020,50035020,0.8167994949035347,0.006123781204223633,0.0,4
n_1200_c_100000000_g_2_f_0.2_eps_0.0001_s_200,50035020,50035020,0.8167994949035347,0.0067861080169677734,0.0,5
n_1200_c_100000000_g_2_f_0.2_eps_0.0001_s_200,50035020,50035020,0.8167994949035347,0.0057108402252197266,0.0,6
n_1200_c_100000000_g_2_f_0.2_eps_0.0001_s_200,50035020,50035020,0.8167994949035347,0.006851673126220703,0.0,7
n_1200_c_100000000_g_2_f_0.2_eps_0.0001_s_200,50035020,50035020,0.8167994949035347,0.007139921188354492,0.0,8
n_1200_c_100000000_g_2_f_0.2_eps_0.0001_s_200,50035020,-2327558085816613989,0.8167994949035347,0.008861780166625977,46518580103.82826,9
n_800_c_100000000_g_6_f_0.1_eps_0.001_s_100,99981784,-1526340407863049901,6.106838375795633,0.011653661727905273,15266184967.884068,0
n_800_c_100000000_g_6_f_0.1_eps_0.001_s_100,99981784,-390189501504533451,6.106838375795633,0.008220434188842773,3902605914.7385817,1
n_800_c_100000000_g_6_f_0.1_eps_0.001_s_100,99981784,-5482663809288169301,6.106838375795633,0.0069468021392822266,54836627133.88022,2
n_800_c_100000000_g_6_f_0.1_eps_0.001_s_100,99981784,-1991514680114307551,6.106838375795633,0.005785942077636719,19918775206.234463,3
n_800_c_100000000_g_6_f_0.1_eps_0.001_s_100,99981784,97379645,6.106838375795633,0.0036749839782714844,0.02602613092000839,4
n_800_c_100000000_g_6_f_0.1_eps_0.001_s_100,99981784,97379647,6.106838375795633,0.004500150680541992,0.026026110916364524,5
n_800_c_100000000_g_6_f_0.1_eps_0.001_s_100,99981784,99681305,6.106838375795633,0.002848386764526367,0.0030053374522703057,6
n_800_c_100000000_g_6_f_0.1_eps_0.001_s_100,99981784,99681305,6.106838375795633,0.00405430793762207,0.0030053374522703057,7
n_800_c_100000000_g_6_f_0.1_eps_0.001_s_100,99981784,99681305,6.106838375795633,0.002902984619140625,0.0030053374522703057,8
n_800_c_100000000_g_6_f_0.1_eps_0.001_s_100,99981784,97379639,6.106838375795633,0.004570484161376953,0.02602619093093998,9
n_400_c_100000000_g_10_f_0.1_eps_0.01_s_200,100004699,99761680,32.95350540895015,0.0018358230590820312,0.0024300758107376535,0
n_400_c_100000000_g_10_f_0.1_eps_0.01_s_200,100004699,99535857,32.95350540895015,0.0024595260620117188,0.004688199701496027,1
n_400_c_100000000_g_10_f_0.1_eps_0.01_s_200,100004699,99535896,32.95350540895015,0.0030965805053710938,0.004687809719821265,2
n_400_c_100000000_g_10_f_0.1_eps_0.01_s_200,100004699,99535904,32.95350540895015,0.002775430679321289,0.004687729723580289,3
n_400_c_100000000_g_10_f_0.1_eps_0.01_s_200,100004699,99761680,32.95350540895015,0.002969503402709961,0.0024300758107376535,4
n_400_c_100000000_g_10_f_0.1_eps_0.01_s_200,100004699,99761680,32.95350540895015,0.001867055892944336,0.0024300758107376535,5
n_400_c_100000000_g_10_f_0.1_eps_0.01_s_200,100004699,99535917,32.95350540895015,0.0035245418548583984,0.004687599729688702,6
n_400_c_100000000_g_10_f_0.1_eps_0.01_s_200,100004699,99535882,32.95350540895015,0.002888202667236328,0.0046879497132429745,7
n_400_c_100000000_g_10_f_0.1_eps_0.01_s_200,100004699,99761680,32.95350540895015,0.0017096996307373047,0.0024300758107376535,8
n_400_c_100000000_g_10_f_0.1_eps_0.01_s_200,100004699,99535901,32.95350540895015,0.002474546432495117,0.004687759722170655,9
n_600_c_10000000000_g_10_f_0.1_eps_0_s_300,9980510192,9980502468,44.98514646291733,0.0022478103637695312,7.739083324809654e-07,0
n_600_c_10000000000_g_10_f_0.1_eps_0_s_300,9980510192,9980502468,44.98514646291733,0.004485607147216797,7.739083324809654e-07,1
n_600_c_10000000000_g_10_f_0.1_eps_0_s_300,9980510192,9980480416,44.98514646291733,0.003057241439819336,2.983414617808548e-06,2
n_600_c_10000000000_g_10_f_0.1_eps_0_s_300,9980510192,9980480400,44.98514646291733,0.006860494613647461,2.9850177422673384e-06,3
n_600_c_10000000000_g_10_f_0.1_eps_0_s_300,9980510192,9980480343,44.98514646291733,0.00436711311340332,2.9907288731517786e-06,4
n_600_c_10000000000_g_10_f_0.1_eps_0_s_300,9980510192,9980480410,44.98514646291733,0.005831480026245117,2.9840157894805944e-06,5
n_600_c_10000000000_g_10_f_0.1_eps_0_s_300,9980510192,9980480291,44.98514646291733,0.0035779476165771484,2.9959390276428465e-06,6
n_600_c_10000000000_g_10_f_0.1_eps_0_s_300,9980510192,9980480307,44.98514646291733,0.005270719528198242,2.994335903184056e-06,7
n_600_c_10000000000_g_10_f_0.1_eps_0_s_300,9980510192,9980480327,44.98514646291733,0.003945827484130859,2.9923319976105685e-06,8
n_600_c_10000000000_g_10_f_0.1_eps_0_s_300,9980510192,9980480375,44.98514646291733,0.003453969955444336,2.987522624234198e-06,9
n_800_c_100000000_g_6_f_0.2_eps_0.001_s_300,100006973,99405115,19.778020833153278,0.004435300827026367,0.006018160353678538,0
n_800_c_100000000_g_6_f_0.2_eps_0.001_s_300,100006973,99405115,19.778020833153278,0.0049211978912353516,0.006018160353678538,1
n_800_c_100000000_g_6_f_0.2_eps_0.001_s_300,100006973,-7649333709391055848,19.778020833153278,0.006316423416137695,76488003586.42055,2
n_800_c_100000000_g_6_f_0.2_eps_0.001_s_300,100006973,97400662,19.778020833153278,0.005021095275878906,0.026061292746056817,3
n_800_c_100000000_g_6_f_0.2_eps_0.001_s_300,100006973,97400663,19.778020833153278,0.008882284164428711,0.02606128274675407,4
n_800_c_100000000_g_6_f_0.2_eps_0.001_s_300,100006973,97400669,19.778020833153278,0.008860588073730469,0.026061222750937578,5
n_800_c_100000000_g_6_f_0.2_eps_0.001_s_300,100006973,97400669,19.778020833153278,0.004940032958984375,0.026061222750937578,6
n_800_c_100000000_g_6_f_0.2_eps_0.001_s_300,100006973,97400675,19.778020833153278,0.005950212478637695,0.026061162755121086,7
n_800_c_100000000_g_6_f_0.2_eps_0.001_s_300,100006973,97400681,19.778020833153278,0.005522489547729492,0.026061102759304594,8
n_800_c_100000000_g_6_f_0.2_eps_0.001_s_300,100006973,97400685,19.778020833153278,0.005876302719116211,0.0260610627620936,9
n_800_c_1000000_g_10_f_0.3_eps_0_s_100,1009064,1009047,1.2648031180724502,0.0041315555572509766,1.6847296108076396e-05,0
n_800_c_1000000_g_10_f_0.3_eps_0_s_100,1009064,1009047,1.2648031180724502,0.009901285171508789,1.6847296108076396e-05,1
n_800_c_1000000_g_10_f_0.3_eps_0_s_100,1009064,1001925,1.2648031180724502,0.003773212432861328,0.007074873347973964,2
n_800_c_1000000_g_10_f_0.3_eps_0_s_100,1009064,1009047,1.2648031180724502,0.005596160888671875,1.6847296108076396e-05,3
n_800_c_1000000_g_10_f_0.3_eps_0_s_100,1009064,1009047,1.2648031180724502,0.003154754638671875,1.6847296108076396e-05,4
n_800_c_1000000_g_10_f_0.3_eps_0_s_100,1009064,1009047,1.2648031180724502,0.004381418228149414,1.6847296108076396e-05,5
n_800_c_1000000_g_10_f_0.3_eps_0_s_100,1009064,1009047,1.2648031180724502,0.0029799938201904297,1.6847296108076396e-05,6
n_800_c_1000000_g_10_f_0.3_eps_0_s_100,1009064,1009047,1.2648031180724502,0.006022930145263672,1.6847296108076396e-05,7
n_800_c_1000000_g_10_f_0.3_eps_0_s_100,1009064,1009047,1.2648031180724502,0.004251956939697266,1.6847296108076396e-05,8
n_800_c_1000000_g_10_f_0.3_eps_0_s_100,1009064,1001894,1.2648031180724502,0.006274700164794922,0.007105594887935751,9
n_600_c_1000000_g_10_f_0.2_eps_0.01_s_200,1010909,1001631,0.056600996758788824,0.0041162967681884766,0.009177878523190514,0
n_600_c_1000000_g_10_f_0.2_eps_0.01_s_200,1010909,1001531,0.056600996758788824,0.0034275054931640625,0.00927679939539563,1
n_600_c_1000000_g_10_f_0.2_eps_0.01_s_200,1010909,-1530925382562279,0.056600996758788824,0.0052509307861328125,1514404742.2400908,2
n_600_c_1000000_g_10_f_0.2_eps_0.01_s_200,1010909,-1532037098586226,0.056600996758788824,0.005533933639526367,1515504461.4274232,3
n_600_c_1000000_g_10_f_0.2_eps_0.01_s_200,1010909,-1535860043947684,0.056600996758788824,0.005056142807006836,1519286152.3229024,4
n_600_c_1000000_g_10_f_0.2_eps_0.01_s_200,1010909,1002836,0.056600996758788824,0.0028634071350097656,0.007985882013118886,5
n_600_c_1000000_g_10_f_0.2_eps_0.01_s_200,1010909,1001796,0.056600996758788824,0.004761695861816406,0.009014659084052076,6
n_600_c_1000000_g_10_f_0.2_eps_0.01_s_200,1010909,1002319,0.056600996758788824,0.0037729740142822266,0.008497302922419328,7
n_600_c_1000000_g_10_f_0.2_eps_0.01_s_200,1010909,1010743,0.056600996758788824,0.004237651824951172,0.00016420864786048992,8
n_600_c_1000000_g_10_f_0.2_eps_0.01_s_200,1010909,1010743,0.056600996758788824,0.003323078155517578,0.00016420864786048992,9
n_1000_c_100000000_g_14_f_0.2_eps_0.001_s_300,100035689,99952643,1.8841147739440203,0.0058765411376953125,0.0008301637228689453,0
n_1000_c_100000000_g_14_f_0.2_eps_0.001_s_300,100035689,99974173,1.8841147739440203,0.010828018188476562,0.0006149405338728661,1
n_1000_c_100000000_g_14_f_0.2_eps_0.001_s_300,100035689,99952693,1.8841147739440203,0.004909992218017578,0.0008296639012502828,2
n_1000_c_100000000_g_14_f_0.2_eps_0.001_s_300,100035689,99952667,1.8841147739440203,0.006943464279174805,0.0008299238084919873,3
n_1000_c_100000000_g_14_f_0.2_eps_0.001_s_300,100035689,99952678,1.8841147739440203,0.008149385452270508,0.0008298138477358816,4
n_1000_c_100000000_g_14_f_0.2_eps_0.001_s_300,100035689,99952702,1.8841147739440203,0.005683183670043945,0.0008295739333589236,5
n_1000_c_100000000_g_14_f_0.2_eps_0.001_s_300,100035689,99952599,1.8841147739440203,0.005580902099609375,0.0008306035658933684,6
n_1000_c_100000000_g_14_f_0.2_eps_0.001_s_300,100035689,99952663,1.8841147739440203,0.0054705142974853516,0.0008299637942214803,7
n_1000_c_100000000_g_14_f_0.2_eps_0.001_s_300,100035689,99952691,1.8841147739440203,0.005303382873535156,0.0008296838941150293,8
n_1000_c_100000000_g_14_f_0.2_eps_0.001_s_300,100035689,99952645,1.8841147739440203,0.0056917667388916016,0.0008301437300041988,9
n_600_c_1000000_g_6_f_0.2_eps_0.01_s_100,1002316,998868,1.5406779390759766,0.003488779067993164,0.0034400328838410242,0
n_600_c_1000000_g_6_f_0.2_eps_0.01_s_100,1002316,-4698869099464947,1.5406779390759766,0.004103183746337891,4688011665.450081,1
n_600_c_1000000_g_6_f_0.2_eps_0.01_s_100,1002316,998868,1.5406779390759766,0.002405881881713867,0.0034400328838410242,2
n_600_c_1000000_g_6_f_0.2_eps_0.01_s_100,1002316,998868,1.5406779390759766,0.002844095230102539,0.0034400328838410242,3
n_600_c_1000000_g_6_f_0.2_eps_0.01_s_100,1002316,-4177756817216610,1.5406779390759766,0.004153728485107422,4168103490.5348473,4
n_600_c_1000000_g_6_f_0.2_eps_0.01_s_100,1002316,-4387293155295220,1.5406779390759766,0.003914833068847656,4377155663.780221,5
n_600_c_1000000_g_6_f_0.2_eps_0.01_s_100,1002316,-4273544334792669,1.5406779390759766,0.00421142578125,4263669676.823462,6
n_600_c_1000000_g_6_f_0.2_eps_0.01_s_100,1002316,-4753268080633865,1.5406779390759766,0.004372358322143555,4742284949.692693,7
n_600_c_1000000_g_6_f_0.2_eps_0.01_s_100,1002316,-4286724611590268,1.5406779390759766,0.004300355911254883,4276819498.633748,8
n_600_c_1000000_g_6_f_0.2_eps_0.01_s_100,1002316,983891,1.5406779390759766,0.0032062530517578125,0.018382426300687607,9
n_600_c_10000000000_g_2_f_0.1_eps_0_s_300,5000009619,5000009616,0.07715411670506,0.0034067630767822266,5.999988457222206e-10,0
n_600_c_10000000000_g_2_f_0.1_eps_0_s_300,5000009619,5000009601,0.07715411670506,0.0027663707733154297,3.5999930743333237e-09,1
n_600_c_10000000000_g_2_f_0.1_eps_0_s_300,5000009619,5000009616,0.07715411670506,0.0027167797088623047,5.999988457222206e-10,2
n_600_c_10000000000_g_2_f_0.1_eps_0_s_300,5000009619,5000009619,0.07715411670506,0.0034105777740478516,0.0,3
n_600_c_10000000000_g_2_f_0.1_eps_0_s_300,5000009619,5000009613,0.07715411670506,0.0041446685791015625,1.1999976914444412e-09,4
n_600_c_10000000000_g_2_f_0.1_eps_0_s_300,5000009619,5000009615,0.07715411670506,0.0035326480865478516,7.999984609629608e-10,5
n_600_c_10000000000_g_2_f_0.1_eps_0_s_300,5000009619,5000009601,0.07715411670506,0.0029709339141845703,3.5999930743333237e-09,6
n_600_c_10000000000_g_2_f_0.1_eps_0_s_300,5000009619,5000009615,0.07715411670506,0.0026831626892089844,7.999984609629608e-10,7
n_600_c_10000000000_g_2_f_0.1_eps_0_s_300,5000009619,5000009601,0.07715411670506,0.0033583641052246094,3.5999930743333237e-09,8
n_600_c_10000000000_g_2_f_0.1_eps_0_s_300,5000009619,-9110424961498156726,0.07715411670506,0.007058382034301758,1822081487.979267,9
n_1200_c_10000000000_g_10_f_0.3_eps_0.01_s_300,9999289590,9957101968,3179.211717486847,0.00511932373046875,0.004219061926378312,0
n_1200_c_10000000000_g_10_f_0.3_eps_0.01_s_300,9999289590,9957101968,3179.211717486847,0.005983114242553711,0.004219061926378312,1
n_1200_c_10000000000_g_10_f_0.3_eps_0.01_s_300,9999289590,9957101968,3179.211717486847,0.005006313323974609,0.004219061926378312,2
n_1200_c_10000000000_g_10_f_0.3_eps_0.01_s_300,9999289590,9953181040,3179.211717486847,0.007338047027587891,0.00461118258302188,3
n_1200_c_10000000000_g_10_f_0.3_eps_0.01_s_300,9999289590,9953181080,3179.211717486847,0.007123470306396484,0.004611178582737696,4
n_1200_c_10000000000_g_10_f_0.3_eps_0.01_s_300,9999289590,9953181095,3179.211717486847,0.0073888301849365234,0.004611177082631127,5
n_1200_c_10000000000_g_10_f_0.3_eps_0.01_s_300,9999289590,9953181051,3179.211717486847,0.007268190383911133,0.00461118148294373,6
n_1200_c_10000000000_g_10_f_0.3_eps_0.01_s_300,9999289590,9957101968,3179.211717486847,0.00668644905090332,0.004219061926378312,7
n_1200_c_10000000000_g_10_f_0.3_eps_0.01_s_300,9999289590,9957101968,3179.211717486847,0.0052831172943115234,0.004219061926378312,8
n_1200_c_10000000000_g_10_f_0.3_eps_0.01_s_300,9999289590,9953181082,3179.211717486847,0.007834911346435547,0.004611178382723487,9
n_800_c_1000000_g_2_f_0.1_eps_0.01_s_300,522135,522135,0.31147581012919545,0.004316806793212891,0.0,0
n_800_c_1000000_g_2_f_0.1_eps_0.01_s_300,522135,522135,0.31147581012919545,0.0027244091033935547,0.0,1
n_800_c_1000000_g_2_f_0.1_eps_0.01_s_300,522135,522134,0.31147581012919545,0.004374027252197266,1.915213498424737e-06,2
n_800_c_1000000_g_2_f_0.1_eps_0.01_s_300,522135,522134,0.31147581012919545,0.004300355911254883,1.915213498424737e-06,3
n_800_c_1000000_g_2_f_0.1_eps_0.01_s_300,522135,522134,0.31147581012919545,0.004256248474121094,1.915213498424737e-06,4
n_800_c_1000000_g_2_f_0.1_eps_0.01_s_300,522135,522134,0.31147581012919545,0.003592252731323242,1.915213498424737e-06,5
n_800_c_1000000_g_2_f_0.1_eps_0.01_s_300,522135,522135,0.31147581012919545,0.0041849613189697266,0.0,6
n_800_c_1000000_g_2_f_0.1_eps_0.01_s_300,522135,522135,0.31147581012919545,0.0044002532958984375,0.0,7
n_800_c_1000000_g_2_f_0.1_eps_0.01_s_300,522135,522135,0.31147581012919545,0.0043544769287109375,0.0,8
n_800_c_1000000_g_2_f_0.1_eps_0.01_s_300,522135,522134,0.31147581012919545,0.0025599002838134766,1.915213498424737e-06,9
n_800_c_1000000_g_2_f_0.3_eps_0.1_s_200,624829,624828,0.30037952587008476,0.0041654109954833984,1.6004378798039143e-06,0
n_800_c_1000000_g_2_f_0.3_eps_0.1_s_200,624829,624829,0.30037952587008476,0.004416942596435547,0.0,1
n_800_c_1000000_g_2_f_0.3_eps_0.1_s_200,624829,624828,0.30037952587008476,0.004920482635498047,1.6004378798039143e-06,2
n_800_c_1000000_g_2_f_0.3_eps_0.1_s_200,624829,624828,0.30037952587008476,0.003779888153076172,1.6004378798039143e-06,3
n_800_c_1000000_g_2_f_0.3_eps_0.1_s_200,624829,624829,0.30037952587008476,0.0035810470581054688,0.0,4
n_800_c_1000000_g_2_f_0.3_eps_0.1_s_200,624829,624829,0.30037952587008476,0.00455784797668457,0.0,5
n_800_c_1000000_g_2_f_0.3_eps_0.1_s_200,624829,624828,0.30037952587008476,0.005508899688720703,1.6004378798039143e-06,6
n_800_c_1000000_g_2_f_0.3_eps_0.1_s_200,624829,624828,0.30037952587008476,0.004967927932739258,1.6004378798039143e-06,7
n_800_c_1000000_g_2_f_0.3_eps_0.1_s_200,624829,-50491698303706638,0.30037952587008476,0.005196332931518555,80808826581.88315,8
n_800_c_1000000_g_2_f_0.3_eps_0.1_s_200,624829,624828,0.30037952587008476,0.0045473575592041016,1.6004378798039143e-06,9
n_1000_c_100000000_g_6_f_0.2_eps_0.1_s_200,99395639,95020238,5.8245226186700165,0.004956483840942383,0.04402005001446794,0
n_1000_c_100000000_g_6_f_0.2_eps_0.1_s_200,99395639,95020220,5.8245226186700165,0.005681037902832031,0.04402023110893225,1
n_1000_c_100000000_g_6_f_0.2_eps_0.1_s_200,99395639,95020238,5.8245226186700165,0.0057942867279052734,0.04402005001446794,2
n_1000_c_100000000_g_6_f_0.2_eps_0.1_s_200,99395639,-247873250531215034,5.8245226186700165,0.006482839584350586,2493804085.6159763,3
n_1000_c_100000000_g_6_f_0.2_eps_0.1_s_200,99395639,95020240,5.8245226186700165,0.0048618316650390625,0.044020029892860794,4
n_1000_c_100000000_g_6_f_0.2_eps_0.1_s_200,99395639,95020240,5.8245226186700165,0.013310432434082031,0.044020029892860794,5
n_1000_c_100000000_g_6_f_0.2_eps_0.1_s_200,99395639,95020227,5.8245226186700165,0.009449481964111328,0.04402016068330724,6
n_1000_c_100000000_g_6_f_0.2_eps_0.1_s_200,99395639,95020240,5.8245226186700165,0.005346059799194336,0.044020029892860794,7
n_1000_c_100000000_g_6_f_0.2_eps_0.1_s_200,99395639,95021058,5.8245226186700165,0.004729270935058594,0.04401180015553801,8
n_1000_c_100000000_g_6_f_0.2_eps_0.1_s_200,99395639,95021058,5.8245226186700165,0.0039632320404052734,0.04401180015553801,9
n_800_c_1000000_g_6_f_0.2_eps_0.01_s_100,1003933,986300,1.8682597228325903,0.010740041732788086,0.017563921098320306,0
n_800_c_1000000_g_6_f_0.2_eps_0.01_s_100,1003933,-8044134679987821,1.8682597228325903,0.012196779251098633,8012621042.4318695,1
n_800_c_1000000_g_6_f_0.2_eps_0.01_s_100,1003933,986298,1.8682597228325903,0.00446319580078125,0.017565913263136085,2
n_800_c_1000000_g_6_f_0.2_eps_0.01_s_100,1003933,986297,1.8682597228325903,0.01087331771850586,0.017566909345543974,3
n_800_c_1000000_g_6_f_0.2_eps_0.01_s_100,1003933,980177,1.8682597228325903,0.004171609878540039,0.023662933681829364,4
n_800_c_1000000_g_6_f_0.2_eps_0.01_s_100,1003933,-8354191708900181,1.8682597228325903,0.006009817123413086,8321463394.374041,5
n_800_c_1000000_g_6_f_0.2_eps_0.01_s_100,1003933,-8732913678866096,1.8682597228325903,0.0057430267333984375,8698701686.138447,6
n_800_c_1000000_g_6_f_0.2_eps_0.01_s_100,1003933,986300,1.8682597228325903,0.004230976104736328,0.017563921098320306,7
n_800_c_1000000_g_6_f_0.2_eps_0.01_s_100,1003933,980177,1.8682597228325903,0.0038013458251953125,0.023662933681829364,8
n_800_c_1000000_g_6_f_0.2_eps_0.01_s_100,1003933,986300,1.8682597228325903,0.003538846969604492,0.017563921098320306,9
n_400_c_10000000000_g_14_f_0.2_eps_1e-05_s_100,10000005767,9999705600,270.7703639212996,0.0019030570983886719,3.0016682689379093e-05,0
n_400_c_10000000000_g_14_f_0.2_eps_1e-05_s_100,10000005767,9998764341,270.7703639212996,0.005069732666015625,0.00012414252840700388,1
n_400_c_10000000000_g_14_f_0.2_eps_1e-05_s_100,10000005767,9998764373,270.7703639212996,0.002535104751586914,0.0001241393284088493,2
n_400_c_10000000000_g_14_f_0.2_eps_1e-05_s_100,10000005767,9999705600,270.7703639212996,0.0024840831756591797,3.0016682689379093e-05,3
n_400_c_10000000000_g_14_f_0.2_eps_1e-05_s_100,10000005767,9998764326,270.7703639212996,0.0038874149322509766,0.00012414402840613882,4
n_400_c_10000000000_g_14_f_0.2_eps_1e-05_s_100,10000005767,9998764314,270.7703639212996,0.002915620803833008,0.00012414522840544678,5
n_400_c_10000000000_g_14_f_0.2_eps_1e-05_s_100,10000005767,9998764320,270.7703639212996,0.0039348602294921875,0.0001241446284057928,6
n_400_c_10000000000_g_14_f_0.2_eps_1e-05_s_100,10000005767,9998764322,270.7703639212996,0.0035440921783447266,0.00012414442840590813,7
n_400_c_10000000000_g_14_f_0.2_eps_1e-05_s_100,10000005767,-569767236375609943,270.7703639212996,0.003109455108642578,56976691.77910342,8
n_400_c_10000000000_g_14_f_0.2_eps_1e-05_s_100,10000005767,9998764275,270.7703639212996,0.0024623870849609375,0.00012414912840319765,9
